{
  "frames": {
    "hook-body": {
      "frame": {
        "x": 0,
        "y": 0,
        "w": 22,
        "h": 750
      },
      "rotated": true,
      "trimmed": false,
      "spriteSourceSize": {
        "x": 0,
        "y": 0,
        "w": 22,
        "h": 750
      },
      "sourceSize": {
        "w": 22,
        "h": 750
      },
      "pivot": {
        "x": 0.5,
        "y": 0.5
      }
    },
    "btn-acquire-more": {
      "frame": {
        "x": 750,
        "y": 0,
        "w": 273,
        "h": 119
      },
      "rotated": false,
      "trimmed": false,
      "spriteSourceSize": {
        "x": 0,
        "y": 0,
        "w": 273,
        "h": 119
      },
      "sourceSize": {
        "w": 273,
        "h": 119
      },
      "pivot": {
        "x": 0.5,
        "y": 0.5
      }
    },
    "help-02": {
      "frame": {
        "x": 0,
        "y": 22,
        "w": 540,
        "h": 307
      },
      "rotated": false,
      "trimmed": false,
      "spriteSourceSize": {
        "x": 0,
        "y": 0,
        "w": 540,
        "h": 307
      },
      "sourceSize": {
        "w": 540,
        "h": 307
      },
      "pivot": {
        "x": 0.5,
        "y": 0.5
      }
    },
    "claw-01": {
      "frame": {
        "x": 540,
        "y": 22,
        "w": 194,
        "h": 194
      },
      "rotated": false,
      "trimmed": false,
      "spriteSourceSize": {
        "x": 0,
        "y": 0,
        "w": 194,
        "h": 194
      },
      "sourceSize": {
        "w": 194,
        "h": 194
      },
      "pivot": {
        "x": 0.5,
        "y": 0.5
      }
    },
    "help-01": {
      "frame": {
        "x": 734,
        "y": 119,
        "w": 283,
        "h": 442
      },
      "rotated": false,
      "trimmed": false,
      "spriteSourceSize": {
        "x": 0,
        "y": 0,
        "w": 283,
        "h": 442
      },
      "sourceSize": {
        "w": 283,
        "h": 442
      },
      "pivot": {
        "x": 0.5,
        "y": 0.5
      }
    },
    "claw-02": {
      "frame": {
        "x": 540,
        "y": 216,
        "w": 194,
        "h": 194
      },
      "rotated": false,
      "trimmed": false,
      "spriteSourceSize": {
        "x": 0,
        "y": 0,
        "w": 194,
        "h": 194
      },
      "sourceSize": {
        "w": 194,
        "h": 194
      },
      "pivot": {
        "x": 0.5,
        "y": 0.5
      }
    },
    "logo-active": {
      "frame": {
        "x": 0,
        "y": 329,
        "w": 390,
        "h": 162
      },
      "rotated": false,
      "trimmed": false,
      "spriteSourceSize": {
        "x": 0,
        "y": 0,
        "w": 390,
        "h": 162
      },
      "sourceSize": {
        "w": 390,
        "h": 162
      },
      "pivot": {
        "x": 0.5,
        "y": 0.5
      }
    },
    "btn-prize": {
      "frame": {
        "x": 390,
        "y": 329,
        "w": 66,
        "h": 125
      },
      "rotated": true,
      "trimmed": false,
      "spriteSourceSize": {
        "x": 0,
        "y": 0,
        "w": 66,
        "h": 125
      },
      "sourceSize": {
        "w": 66,
        "h": 125
      },
      "pivot": {
        "x": 0.5,
        "y": 0.5
      }
    },
    "btn-rule": {
      "frame": {
        "x": 390,
        "y": 395,
        "w": 66,
        "h": 124
      },
      "rotated": true,
      "trimmed": false,
      "spriteSourceSize": {
        "x": 0,
        "y": 0,
        "w": 66,
        "h": 124
      },
      "sourceSize": {
        "w": 66,
        "h": 124
      },
      "pivot": {
        "x": 0.5,
        "y": 0.5
      }
    },
    "btn-ok": {
      "frame": {
        "x": 514,
        "y": 410,
        "w": 218,
        "h": 187
      },
      "rotated": false,
      "trimmed": false,
      "spriteSourceSize": {
        "x": 0,
        "y": 0,
        "w": 218,
        "h": 187
      },
      "sourceSize": {
        "w": 218,
        "h": 187
      },
      "pivot": {
        "x": 0.5,
        "y": 0.5
      }
    },
    "fa-prize-default": {
      "frame": {
        "x": 390,
        "y": 461,
        "w": 180,
        "h": 120
      },
      "rotated": true,
      "trimmed": false,
      "spriteSourceSize": {
        "x": 0,
        "y": 0,
        "w": 180,
        "h": 120
      },
      "sourceSize": {
        "w": 180,
        "h": 120
      },
      "pivot": {
        "x": 0.5,
        "y": 0.5
      }
    },
    "logo": {
      "frame": {
        "x": 0,
        "y": 491,
        "w": 390,
        "h": 162
      },
      "rotated": false,
      "trimmed": false,
      "spriteSourceSize": {
        "x": 0,
        "y": 0,
        "w": 390,
        "h": 162
      },
      "sourceSize": {
        "w": 390,
        "h": 162
      },
      "pivot": {
        "x": 0.5,
        "y": 0.5
      }
    },
    "fa-bg": {
      "frame": {
        "x": 732,
        "y": 561,
        "w": 174,
        "h": 213
      },
      "rotated": true,
      "trimmed": false,
      "spriteSourceSize": {
        "x": 0,
        "y": 0,
        "w": 174,
        "h": 213
      },
      "sourceSize": {
        "w": 174,
        "h": 213
      },
      "pivot": {
        "x": 0.5,
        "y": 0.5
      }
    },
    "fan": {
      "frame": {
        "x": 945,
        "y": 597,
        "w": 64,
        "h": 64
      },
      "rotated": false,
      "trimmed": false,
      "spriteSourceSize": {
        "x": 0,
        "y": 0,
        "w": 64,
        "h": 64
      },
      "sourceSize": {
        "w": 64,
        "h": 64
      },
      "pivot": {
        "x": 0.5,
        "y": 0.5
      }
    },
    "fa-hand-left": {
      "frame": {
        "x": 945,
        "y": 561,
        "w": 31,
        "h": 28
      },
      "rotated": true,
      "trimmed": false,
      "spriteSourceSize": {
        "x": 0,
        "y": 0,
        "w": 31,
        "h": 28
      },
      "sourceSize": {
        "w": 31,
        "h": 28
      },
      "pivot": {
        "x": 0.5,
        "y": 0.5
      }
    },
    "fa-hand-right": {
      "frame": {
        "x": 973,
        "y": 561,
        "w": 31,
        "h": 28
      },
      "rotated": true,
      "trimmed": false,
      "spriteSourceSize": {
        "x": 0,
        "y": 0,
        "w": 31,
        "h": 28
      },
      "sourceSize": {
        "w": 31,
        "h": 28
      },
      "pivot": {
        "x": 0.5,
        "y": 0.5
      }
    },
    "neon-pink": {
      "frame": {
        "x": 945,
        "y": 661,
        "w": 63,
        "h": 63
      },
      "rotated": false,
      "trimmed": false,
      "spriteSourceSize": {
        "x": 0,
        "y": 0,
        "w": 63,
        "h": 63
      },
      "sourceSize": {
        "w": 63,
        "h": 63
      },
      "pivot": {
        "x": 0.5,
        "y": 0.5
      }
    },
    "neon-yellow": {
      "frame": {
        "x": 945,
        "y": 724,
        "w": 63,
        "h": 63
      },
      "rotated": false,
      "trimmed": false,
      "spriteSourceSize": {
        "x": 0,
        "y": 0,
        "w": 63,
        "h": 63
      },
      "sourceSize": {
        "w": 63,
        "h": 63
      },
      "pivot": {
        "x": 0.5,
        "y": 0.5
      }
    },
    "claw-03": {
      "frame": {
        "x": 510,
        "y": 597,
        "w": 194,
        "h": 194
      },
      "rotated": false,
      "trimmed": false,
      "spriteSourceSize": {
        "x": 0,
        "y": 0,
        "w": 194,
        "h": 194
      },
      "sourceSize": {
        "w": 194,
        "h": 194
      },
      "pivot": {
        "x": 0.5,
        "y": 0.5
      }
    },
    "num-00": {
      "frame": {
        "x": 704,
        "y": 597,
        "w": 28,
        "h": 28
      },
      "rotated": false,
      "trimmed": false,
      "spriteSourceSize": {
        "x": 0,
        "y": 0,
        "w": 28,
        "h": 28
      },
      "sourceSize": {
        "w": 28,
        "h": 28
      },
      "pivot": {
        "x": 0.5,
        "y": 0.5
      }
    },
    "num-01": {
      "frame": {
        "x": 704,
        "y": 625,
        "w": 28,
        "h": 28
      },
      "rotated": false,
      "trimmed": false,
      "spriteSourceSize": {
        "x": 0,
        "y": 0,
        "w": 28,
        "h": 28
      },
      "sourceSize": {
        "w": 28,
        "h": 28
      },
      "pivot": {
        "x": 0.5,
        "y": 0.5
      }
    },
    "num-02": {
      "frame": {
        "x": 704,
        "y": 653,
        "w": 28,
        "h": 28
      },
      "rotated": false,
      "trimmed": false,
      "spriteSourceSize": {
        "x": 0,
        "y": 0,
        "w": 28,
        "h": 28
      },
      "sourceSize": {
        "w": 28,
        "h": 28
      },
      "pivot": {
        "x": 0.5,
        "y": 0.5
      }
    },
    "num-03": {
      "frame": {
        "x": 704,
        "y": 681,
        "w": 28,
        "h": 28
      },
      "rotated": false,
      "trimmed": false,
      "spriteSourceSize": {
        "x": 0,
        "y": 0,
        "w": 28,
        "h": 28
      },
      "sourceSize": {
        "w": 28,
        "h": 28
      },
      "pivot": {
        "x": 0.5,
        "y": 0.5
      }
    },
    "num-04": {
      "frame": {
        "x": 704,
        "y": 709,
        "w": 28,
        "h": 28
      },
      "rotated": false,
      "trimmed": false,
      "spriteSourceSize": {
        "x": 0,
        "y": 0,
        "w": 28,
        "h": 28
      },
      "sourceSize": {
        "w": 28,
        "h": 28
      },
      "pivot": {
        "x": 0.5,
        "y": 0.5
      }
    },
    "help-btn": {
      "frame": {
        "x": 704,
        "y": 787,
        "w": 300,
        "h": 98
      },
      "rotated": false,
      "trimmed": false,
      "spriteSourceSize": {
        "x": 0,
        "y": 0,
        "w": 300,
        "h": 98
      },
      "sourceSize": {
        "w": 300,
        "h": 98
      },
      "pivot": {
        "x": 0.5,
        "y": 0.5
      }
    },
    "num-05": {
      "frame": {
        "x": 704,
        "y": 737,
        "w": 28,
        "h": 28
      },
      "rotated": false,
      "trimmed": false,
      "spriteSourceSize": {
        "x": 0,
        "y": 0,
        "w": 28,
        "h": 28
      },
      "sourceSize": {
        "w": 28,
        "h": 28
      },
      "pivot": {
        "x": 0.5,
        "y": 0.5
      }
    },
    "num-06": {
      "frame": {
        "x": 732,
        "y": 735,
        "w": 28,
        "h": 28
      },
      "rotated": false,
      "trimmed": false,
      "spriteSourceSize": {
        "x": 0,
        "y": 0,
        "w": 28,
        "h": 28
      },
      "sourceSize": {
        "w": 28,
        "h": 28
      },
      "pivot": {
        "x": 0.5,
        "y": 0.5
      }
    },
    "num-07": {
      "frame": {
        "x": 760,
        "y": 735,
        "w": 28,
        "h": 28
      },
      "rotated": false,
      "trimmed": false,
      "spriteSourceSize": {
        "x": 0,
        "y": 0,
        "w": 28,
        "h": 28
      },
      "sourceSize": {
        "w": 28,
        "h": 28
      },
      "pivot": {
        "x": 0.5,
        "y": 0.5
      }
    },
    "num-08": {
      "frame": {
        "x": 788,
        "y": 735,
        "w": 28,
        "h": 28
      },
      "rotated": false,
      "trimmed": false,
      "spriteSourceSize": {
        "x": 0,
        "y": 0,
        "w": 28,
        "h": 28
      },
      "sourceSize": {
        "w": 28,
        "h": 28
      },
      "pivot": {
        "x": 0.5,
        "y": 0.5
      }
    },
    "num-09": {
      "frame": {
        "x": 816,
        "y": 735,
        "w": 28,
        "h": 28
      },
      "rotated": false,
      "trimmed": false,
      "spriteSourceSize": {
        "x": 0,
        "y": 0,
        "w": 28,
        "h": 28
      },
      "sourceSize": {
        "w": 28,
        "h": 28
      },
      "pivot": {
        "x": 0.5,
        "y": 0.5
      }
    },
    "num-10": {
      "frame": {
        "x": 844,
        "y": 735,
        "w": 28,
        "h": 28
      },
      "rotated": false,
      "trimmed": false,
      "spriteSourceSize": {
        "x": 0,
        "y": 0,
        "w": 28,
        "h": 28
      },
      "sourceSize": {
        "w": 28,
        "h": 28
      },
      "pivot": {
        "x": 0.5,
        "y": 0.5
      }
    },
    "fa-ear-left": {
      "frame": {
        "x": 390,
        "y": 641,
        "w": 88,
        "h": 88
      },
      "rotated": false,
      "trimmed": false,
      "spriteSourceSize": {
        "x": 0,
        "y": 0,
        "w": 88,
        "h": 88
      },
      "sourceSize": {
        "w": 88,
        "h": 88
      },
      "pivot": {
        "x": 0.5,
        "y": 0.5
      }
    },
    "fa-ear-right": {
      "frame": {
        "x": 0,
        "y": 653,
        "w": 88,
        "h": 88
      },
      "rotated": false,
      "trimmed": false,
      "spriteSourceSize": {
        "x": 0,
        "y": 0,
        "w": 88,
        "h": 88
      },
      "sourceSize": {
        "w": 88,
        "h": 88
      },
      "pivot": {
        "x": 0.5,
        "y": 0.5
      }
    }
  },
  "meta": {
    "app": "http://free-tex-packer.com",
    "version": "0.6.7",
    "image": "game-texture.png",
    "format": "RGBA8888",
    "size": {
      "w": 1023,
      "h": 885
    },
    "scale": 1
  }
}